Life's little mysteries,9780983301301
Hitchhiker's guide to the galaxy,9780345391803
Catch 22,9781451626650
1984,9780451524935
The edge of uncertainty,9781468312607
Phantoms in the brain,9780688172176
The science of interstellar,9780393351378
The millionaire next door,9781589795471
Capital in the 21st century,9780674979857
Things come apart,9780500294871
Catch me if you can,9780767905381
Phase space,9780008134501
The best travel hacking guide,9781506196510
The alchemist,9780061122415
Stock market investing for beginners,9781623152574
On the heights of despair,9780226106717
Philographics,9789063693411
Sean carroll,9780262536349
Neil degrasse tyson,9781426221774
Lawrence krauss,9781451624465
Biocentrism,9781138268098
Bill nye,9781635652154
Neil tyson,9781426221774
Brian cox,9780750289542
The pianist,9780753808603
Math geek  / philosophy bites,9781376103281
Murray Shanahan,9780199226559
A mind for numbers,9780399165245
The sparrow,9781407057026
Any more classics,9780811210836
What got you here won't get you there,9781846681370
Quiet: the power of introverts in a world that can't stop talking,9780307352149
50 big ideas you really need to know,9781849165600
Little book of big ideas: philosophy,9781556526633
50 thinkers who shaped the modern world,9781782390923
What if?,9780544456860
In the company of sherlock holmes,9781605989174
Waking,9781760297152
Lucifer's legacy: a guide to asymmetry,9780198662679
Genius: life and science of richard feynman,9780679747048
Walter lewin,9781451607130
Kip thorne,9780393351378
Michael talbot,9780586091715
Why science doesn't disprove god,9780062230591
What is relativity?-jeffrey bennett,9780231167260
The greatest science stories never told,9780061626968
Julian jaynes,9780979074424
The hitchhiker's guide to the galaxy,9780345391803
The three body problem,9780765382030
Alan turing the enigma,9781784700089
The story of collapsing stars,9780199686766
The psychology book,9781465458568
The philosophy book,9781465458551
Universe on a tshirt,9781559707077
Secrets of mental math,9780307338402
Big ideas in brief,9781780871455
How to fight presidents,9780385347570
100 essential things,9780393352221
The upside of irrationality,9780061995040
Fabric of the cosmos,9780141037622
Jon duckett,9781118907443
Bold,9781787832435
Why time flies,9781416540274
Mark manson,9780062457714
Brian greene,9780099289920
Natural deduction,9781551111827
Mastermind how to think like sherlock holmes,9780143124344
Science,9781612309842
Quantum mechanics the theoretical minimum,9780465062904
The grand design,9780553384666
The disappearing spoon,9780316051637
General chemistry,9781305580343
7 habits of highly effective people,9780671708634
Revolution russell brand,9780099594932
Head in the cloud,9780316256520
This book is a planetarium,9781452136219
Dr ben still,9781844039340
The decision book,9780393079616
Ikigai,9780143130727
Art of war,9781599869773
Thing explainer,9781473637313
The gene,9781432837815
Max tegmark,9780141981802
Michio kaku,9780307473332
The design of everyday things,9780465055715
Alain de botton,9780241145470
For dummies,9781118352021
Get started in brazilian portuguese,9781444198539
Teach yourself,9781620367568
Carlo rovelli,9780241292525
New academic science,9780367632724
Walter isaacson,9781451648539
When breath becomes air,9781784701994
Into the magic shop,9780399183645
Official ted guide to pub. speaking,9781328710284
Charles duhigg,9780812981605
Nz'ers guide to entrepreneurship,9781927181119
Curious incident of dog in nightime,9780099450252
Becoming steve jobs,9780385347426
Astronauts guide to life on earth,9780345812704
David eagleman,9781847679406
Yuval noah harari,9780771038518
Elon musk,9780062301253
This explains everything,9780062230171
Ray kurzweil,9781605292076
Richard feynman,9781785783722
Richard dawkins,9780618918249
Leonard susskind,9780141977812
Erwin schrodinger,9781118299265
New scientist: the origin...,9781473696266
Chad orzel,9780465023318
The undoing project,9780393254594
Daniel kahneman,9780374533557
Amos tversky,9780393331769
A beautiful mind,9781451628425
Richard thaler,9780300262285
Malcolm gladwell,9780316056281
This changes everything,9780241956182
Scott kelly,9781784162658
Clay shirky,9780143114949
Hit refresh,9780008247669
Yoshihito isogawa,9781593272784
Walter isaacson - einstein,9780061893896
The universe john brockman,9780062296085
How to speak any... alex rawling,9781472138569
How to build a universe,9781454915904
Steve jobs walter isaacson,9781451648539
Stephen petranek,9788492921676
Stephen hawking,9780553173253
Neal stephenson,9781460759264
Big ideas simply explained,9780241350362
Adam hart-davis,9781409331803
Robert kirshner,9780691058627
The universe,9781319039448
Imagine innovation,9780982444672
The innovators,9781476708706
Einstein the life of a genius,9780061893896
Six easy pieces,9780465025275
Kerry Spackman,9780615268378
The power of visual storytelling,9780071823937
Steve jobs,9781451648539
Einstein his life and universe,9780743264747
The universe,9781319039448
How to build a universe,9781454915904
Brian clegg,9780711256781
Japanese paper toys kit,9780804846325
Simon sinek,9780241958223
Michael shermer,9780520260986
Albert einstein,9781324015581
Werner heisenberg,9781614278597
Paul dirac,9780571222865
Wolfgang pauli,9780262660341
A Very Short Introduction,9780199589937
Michael corballis,9780367420543
Vanity fair's schools for scandal,9781501173745
Artemis,9780525532101
Frank white,9780070697164
Space odyssey,9780451457998
Paradox of choice,9780060005696
How to work a room,9780061238673
Power of a positive no,9780553384260
Fritz kahn,9783836504935
David eagleman,9781847679406
The no asshole rule,9781600245855
Jordan peterson,9780345816023
How we'll live on mars,9781476784762
Mars our future on the red planet,9781426217586
TED books,9781501161766
You are not a gadget,9780307389978
Who owns the future,9781451654967
Ten Arguments for Deleting Your Social Media Accounts Right Now,9781529112405
Dawn of the new everything (Already read once),9781627794091
Randall munroe,9781473620919
We have no idea,9780735211513
30-second series,9781785784149
Thomas kuhn,9780226458120
Brick by brick,9781448184385
Lego and philosophy,9781119193975
Skeptic's guide to the universe,9781538760536
Steven pinker,9780753810255
In59seconds book,9780307474865
Oliver sacks,9780385352567
LEGO: The Book of Everything,9781407174587
The LEGO Book New Edition,9780241314227
Dan Ariely,9780061353246
Infinite jest,9780349121086
The little white bird,9781480287280
How to catch a star,9780399242861
Here we are,9780399167898
Operating manual for spaceship earth,9783037781265
Space is cool as fuck,9781921997969
Physics of superheroes,9781592402427
You are stardust,9781926973357
Radical candor,9781250103505
Cult of lego,9781593273910
The lego book,9780756666934
Lisa randall,9780061723735
Richard branson,9780735219427
Southern nights,9781775541288
The dialogues,9780262037235
How dogs love us,9781922247315
Hooked,9780241184837
The crash bandicoot files,9781506706498
The Art of Spyro: Reignited Trilogy,9781945683985
Lego architecture the visual guide,9781465422866
John gribbin,9781840465365
John green,9780142414934
Search 'richard feynman',9780393026597
The little prince,9780156012195
Here we are,9780399167898
The monocle travel guides,9783899558777
Read this if you want to be...,9781786271976
Perils of perception,9781786494566
This is marketing,9780525540830
How to love,9781937006884
Dr hans rosling,9781250107817
Kahneman,9780374533557
Inside black mirror,9781984823489
Notes on a nervous planet,9780143133421
Definitely the best dogs of all time,9781947534575
Be the person your dog thinks you are,9781250179692
Ryan north,9781608864829
Ian doescher,9781683691174
Women in science gift set,9781786034021
QI books,9780571309016
for dummies,9781118352021
get started in brazilian portuguese,9781444198539
teach yourself,9781620367568
501 spanish verbs,9781506260600
New Academic Science,9780367632724
Jonathan safran foer,9780618711659
Uses and abuses of history,9781846682100
Steven kotler,9780062429650
Peter diamandis,9781451616835
Alfred s posamentier,9789814663250
Atlas obscura,9781523506484
Chronologica,9781472932945
Mark pagel,9780393344202
This book is a planetarium/camera,9781452136219
World History : From the Ancient World to the Information Age,9781465462404
LEGO Studies: Examining the Building Blocks of a Transmedial Phenomenon,9780415722919
Cracking the code/coding interview,9780984782857
Introducing... series,9788033655237
Simpsons world,9780007388158
Cracking series by octopus,9781788401517
Marshall mcluhan,9780415255493
Ryan north,9781608864829
Art of ghost in the shell/blade runner,9781785655272
Soviet space graphics,9781838660536
Ballad of songbirds and snakes,9781743836811
The elements of eloquence,9781785781728
The art of the game (spiderma,9781785657962
Man's search for meaning,9780807014295
The lego book new edition,9780241314227
The lego architecture idea book,9781593278212
Lego micro cities,9781593279424
Cyberpunk 2077 official guide,9781911015789
Cyberpunk 2077 complete official guide collector's edition,9781911015789
Robert snedden,9781788883221
Henry Carroll,9781786277626
Bear grylls how to stay alive,9780552168793
Lonely Planet book,9781786576538
Here we are,9780399167898
How to learn almost anything in 48 hours,9781440597763
The world of cyberpunk,9781506713588
LEGO Life Books,9780241467770
Secret life of LEGO Bricks,9781452182254
Erno rubik,9781474613125
9781501171383,9781501171383
9781501139154,9781501139154
TED,9781782703853
HONY,9780170132473
Haruki Murakami,9780099578079
Student leadership challenge,9781119421917
Philosophy of language (oup),9780199795154
Critique of pure reason,9780521657297
Multipliers,9780061964398
Demystified series,9781569245583
Meltdown,9781419727436
A user's guide to thought and meaning,9780198736455
The solar system in minutes,9781635061123
Essentials of softeng/Soft. systems architecture,9783642191756
O'reilly books (python,9781449355722
Magicians (Marcus chown),9780571346394
Maths and stats in middle years,9781927231487
Startup owner's manual,9780984999309
Anne rooney,9781784285456
Still life with bricks,9781452179629
The lego ideas book,9781405350679
Lego technic idea book,9781593272784
LEGO Minifigure: A Visual History - New Edition,9780241409695
Attenborough books,9780008180317
Think like a rocket scientist,9781541762596
Ready player two,9781784758028
Altered carbon,9780739432143
Moonbound graphic novel,9780374537913
A promised land,9781524763169
Lonely planet books (travel atlas,9781787016965
A promised land,9781524763169
Small gases,9780241461884
Mathematical biology,9781447100492
Communicating Science: A Global Perspective,9781760463656
Learning how to learn,9780143132547
The third door,9780804136662
LEGO Space Projects,9781718501164
Immune: A Journey Into The Mysterious System That Keeps You Alive,9780593241318
Robert lang,9780486286020
LEGO masters book of secrets,9780981827100
Hideo kojima,9784053037381
Daniel pink,9781594484803
Kurzgesagt books,9781529360684
The story of marvel studios,9781419732447
Effective data storytelling,9781119615712
Tiny habits,9780358003328
Seth godin,9780241470046
Andy weir,9784150120436
Kazuo ishiguro,9781627652513
Jeff hawkins,9781541675810
The Genetic Lottery: Why DNA Matters for Social Equality,9780691190808
Bob woodward,9781501175510
The ministry for the future,9780316300148
Tim ferriss,9781785041273
Michael barber,9780241409916
High Tech LEGO Projects,9781718500259
Lisa cron,9781984857682
